1,Dr_Aslam,aslam@university.edu,03211234567,1:SUFWAN,,125:Computer_Science,
2,Dr_Zahid,zahid@university.edu,03001234567,2:Ali_Khan,,126:Chemistry,
3,Dr_Saba,saba@university.edu,03123456789,3:Ayesha_Ahmed,,127:Biology,
4,Dr_Kamran,kamran@university.edu,03312782567,4:Hamna_Nasir,,128:English_Literature,
5,Dr_Sadia,sadia@university.edu,03415678902,5:Abdul_Majeed,,123:CALCULUS,
6,Dr_Aisha,aisha@university.edu,03127894567,,
7,Dr_Ali,ali@university.edu,03013456781,,
8,Dr_Sara,sara@university.edu,03017894567,,
9,Dr_Usman,usman@university.edu,03213456789,,
10,Dr_Hina,hina@university.edu,03127894567,,
